Name,Address,Stars,Reviews,Phone,Hours,Website
Grupo Odontológico Protésica D. V.," Av. Universidad 771",4.8,30,55 7878 3437,Cierra pronto ⋅ 6 p.m. ⋅ Abre a las 10 a.m. del mar ,https://calendar.app.google/i85ATH56C5V46dAv9
Clínica de prostodoncia total," Canal de Miramontes 2693",0.0,0,56 1674 6057,Cerrado ⋅ Abre a las 11 a.m. del mar ,https://www.facebook.com/delatorre.artdental?mibextid=V3Yony
Clínica Menta del Valle," 146 Félix Cuevas",4.7,87,55 7261 1259,Abierto ⋅ Cierra a las 8 p.m. ,/aclk?sa=L&ai=DChcSEwj735XHqvKOAxUpsgMAHer2NJYYABAFGgJvYQ&co=1&ase=2&gclid=EAIaIQobChMI-9-Vx6ryjgMVKbIDAB3q9jSWEBAYASAAEgILIfD_BwE&cce=1&category=acrcp_v1_32&sig=AOD64_0gwj1aSJgpbZqnkf5gXckeXIEYqw&adurl&q&ctype=99&nis=6
La Clínica Dental (Narvarte)," 1312 Xola",4.7,579,55 8854 7358,Abierto ⋅ Cierra a las 8 p.m. ,/aclk?sa=L&ai=DChcSEwj735XHqvKOAxUpsgMAHer2NJYYABAEGgJvYQ&co=1&ase=2&gclid=EAIaIQobChMI-9-Vx6ryjgMVKbIDAB3q9jSWEBAYAiAAEgJuMPD_BwE&cce=1&category=acrcp_v1_32&sig=AOD64_2e5I_w6SrAp97lhq_uiXt5NLrAwA&adurl&q&ctype=99&nis=6
"Dentology - Dentista en Polanco, Ciudad de México"," 38 Rubén Darío",4.8,123,55 5110 9500,Cierra pronto ⋅ 6 p.m. ⋅ Abre a las 9 a.m. del mar ,/aclk?sa=l&ai=DChcSEwiU2PXVqvKOAxWrXX8AHYdpNREYABAEGgJvYQ&co=1&ase=2&gclid=EAIaIQobChMIlNj11aryjgMVq11_AB2HaTUREBAYASAAEgJwm_D_BwE&category=acrcp_v1_48&sig=AOD64_36ufzmVIsF0iBW9M2fpQGfVjyOlA&adurl&q&ctype=99&nis=6
Clínica Drdiente," 83 Avenida Presidente Masaryk",5.0,513,55 4545 3867,Cierra pronto ⋅ 6 p.m. ⋅ Abre a las 9 a.m. del mar ,//www.googleadservices.com/pagead/aclk?sa=L&ai=DChcSEwjD87TbqvKOAxW8LNQBHRBdPHMYABADGgJvYQ&co=1&ase=2&gclid=EAIaIQobChMIw_O026ryjgMVvCzUAR0QXTxzEBAYASAAEgK01vD_BwE&ohost=www.google.com&cid=CAASEuRooFHX_7bQK2oUt3rR-25Mhg&category=acrcp_v1_40&sig=AOD64_37qhTw5ZPRimDT5wuv_LaSQ0tGng&adurl&q&ctype=99&nis=6
EPRODENT (ESCUELA DE PROTESIS DENTAL TAXQUEÑA)," Calz. de Tlalpan 1816-1 er Piso",4.8,41,55 5549 2696,Abierto ⋅ Cierra a las 8 p.m. ,http://www.eprodent.com/
"Dra. Hatsuko Yalí, Dentista - Odontólogo"," América 224",5.0,84,56 5441 5228,Abierto ⋅ Cierra a las 8 p.m. ,https://www.doctoralia.com.mx/hatsuko-yali/dentista-odontologo/ciudad-de-mexico?utm_source=google&utm_medium=gmb&utm_campaign=288485&utm_content=website
Dentista Diana IG ( Academia de Ciencias Odontológicas Iniesta)," Rey Meconetzin LT 20",5.0,54,56 1175 5812,Abierto ⋅ Cierra a las 7 p.m. ,
Dentista Limpieza Ortodoncia Blanqueamiento Cirugía Prótesis," Petén 284",5.0,29,55 1920 0377,Abierto ⋅ Cierra a las 9 p.m. ,
Mika Dental Studio," Filadelfia 119-Oficina 201",5.0,26,55 4854 4300,Abierto ⋅ Cierra a las 7 p.m. ,https://www.google.com/search?q=Mika+Dental+Studio&rlz=1C9BKJA_enMX1099MX1099&oq=mik&gs_lcrp=EgZjaHJvbWUqCAgAEEUYJxg7MggIABBFGCcYOzIGCAEQRRg7MgYIAhBFGD0yBggDEEUYOTIGCAQQRRg9MgYIBRBFGDwyDAgGEC4YQxiABBiKBTIMCAcQLhhDGIAEGIoFMgwICBAuGEMYgAQYigUyDAgJEC4YQxiABBiKBdIBCDE0MzVqMGo3qAIUsAIB4gMEGAEgX_EFnuI6RusTofnxBZ7iOkbrE6H58QWe4jpG6xOh-Q&hl=es-MX&sourceid=chrome-mobile&ie=UTF-8#ebo=0
Bükal Clinic Mx Benito Juárez," CONSULTORIO B-38, Av. Universidad 1000-Local S- 4",5.0,3,56 2005 6570,Abierto ⋅ Cierra a las 7 p.m. ,https://www.bukalclinicmx.com/
Dentalmx," Plaza Centro Cultural, Av. Cuauhtémoc 19-local 48",4.9,13,55 3385 4318,Abierto ⋅ Cierra a las 8 p.m. ,https://clinicadentalmx.my.canva.site/dentalmx
Cmasdentalmx," Tuxpan 8, Consultorio 402A,Roma Sur, Cuauhtémoc, 06760",5.0,38,56 3109 3029,Abierto ⋅ Cierra a las 9 p.m. ,https://m.facebook.com/profile.php?id=100021281035086
DentaCare," Matías Romero 301-Interior 2",5.0,27,55 8439 1632,Abierto ⋅ Cierra a las 8 p.m. ,http://www.dentacare.mx/
Centro en Ortopedia y Ortodoncia Dentoalveolar S.C. COODs.c.," Eje Central Lázaro Cárdenas 1167-Int 3",0.0,0,55 1810 3210,Cerrado ⋅ Abre a las 9 a.m. del mar ,http://www.cooddental.com/
Smile Lounge Mexico Rehabilitacion bucal integral e implantologia," Av. Álvaro Obregón 74",5.0,6,,,http://facebook.com/SmileLoungeDF
DENTAL HAUS Odontología Integral," San Matías 187",4.9,43,55 1802 1587,Abierto ⋅ Cierra a las 8 p.m. ,
CIED dental Care.," Filadelfia 124",5.0,53,55 1305 2812,Abierto ⋅ Cierra a las 9 p.m. ,https://cieddentalcare.com/
Laboratorio Dental InnLab," Av. Cafetales 1511",4.2,15,55 2511 3997,Abierto ⋅ Cierra a las 8 p.m. ,https://innlab.co/
Ocean Orthodontics," Necaxa 154",5.0,2,55 5672 4619,Cerrado ⋅ Abre a las 9 a.m. del mar ,
LOTODental," C. de Orleans 51-local A-1",4.9,86,55 5450 8598,Abierto ⋅ Cierra a las 9 p.m. ,http://lotodental.com/index.html#servicios
Clinica Dental Sensadent," Ermita Iztapalapa 586",0.0,0,55 5697 6744,Cerrado ⋅ Abre a las 8:30 a.m. del mar ,
Colegio Nacional de Cirujanos Dentistas Fundacion Dr.Manuel Rey Garcia," C. J. Enrique Pestalozzi 1117",4.5,12,55 5559 7371,Abierto ⋅ Cierra a las 10 p.m. ,http://www.cncd.org.mx/
DENTERLAND," Pima Bajo 52",5.0,1,55 2775 1325,Abierto ⋅ Cierra a las 9 p.m. ,http://denterland.webnode.mx/
Ortodoncia," Canal de Miramontes 2693-consultorio 301",4.9,31,56 1674 6057,Abierto ⋅ Cierra a las 8 p.m. ,https://www.facebook.com/delatorre.artdental/
KeepItSafe DENTAL CLINIC &LAB," Plaza Punto Sur, AV. Insurgentes Sur, Miguel Hidalgo 3655-Int.10 1er piso",4.6,11,55 2272 0387,Abierto ⋅ Cierra a las 7:30 a.m. del mar ,https://wa.link/fzgaqh
"Consultorio Dental ""MarDent"""," San Felipe 528-16",5.0,2,55 7158 1861,Abre pronto: ⋅ 6 p.m. ,
"División de Estudios de Posgrado e Investigación (DEPeI) en Odontología,UNAM"," Investigación Científica 1853",4.3,111,,,http://www.odonto.unam.mx/es/jefatura-de-la-division-de-estudios-de-posgrado
KarDent Odontontologia integral," Calle Nte 29 147-2",5.0,13,55 2853 5590,Abierto ⋅ Cierra a las 8 p.m. ,https://www.instagram.com/karl.dental
Dr. Juan Antonio Márquez Hernández," Zacatecas 36 Consultorio 112 Colonia",5.0,1,,,https://www.doctoralia.com.mx/juan-antonio-marquez-hernandez/dentista-odontologo/cuauhtemoc2?utm_source=google&utm_medium=gmb&utm_campaign=132735
Shiny Smiles," Acapulco 35-Int. 503",5.0,11,55 2660 9647,Abierto ⋅ Cierra a las 8:30 p.m. ,https://instagram.com/shinysmiles_?igshid=1hly35hylq8p5
Prostodoncia Natural," Ignacio Carrillo 1281A",2.5,2,33 3856 9963,Abierto ⋅ Cierra a las 6 a.m. del mar ,
dentalia Oasis Coyoacán," 1778 Avenida Universidad",4.4,96,55 5554 4990,Abierto ⋅ Cierra a las 8 p.m. ,/aclk?sa=l&ai=DChcSEwji6aTWqvKOAxWiJ9QBHd0sOyYYABAAGgJvYQ&co=1&ase=2&gclid=EAIaIQobChMI4umk1qryjgMVoifUAR3dLDsmEBAYAiAAEgKOYfD_BwE&category=acrcp_v1_48&sig=AOD64_1-7LU6wlEQaZghs-vBm0XqP9-iQQ&adurl&q&ctype=99&nis=6
Prótesis Médicas & Odontología Cosmética," Félix Cuevas 520",4.8,26,55 3880 5809,Abierto ⋅ Cierra a las 8 p.m. ,
PMF Víctor Orduña CDMX," Av. Miguel Ángel de Quevedo 773",0.0,0,55 1798 0114,Abierto ⋅ Cierra a las 7 p.m. ,
Dental Prosth," Cda. Perpetua 40",5.0,4,55 1650 9760,Abierto ⋅ Cierra a las 8 p.m. ,
Dentista Prodental," San Felipe 561",4.7,25,55 3925 9612,Abierto ⋅ Cierra a las 8 p.m. ,https://www.facebook.com/prodentalab.mx/
Estudio Prótesis Dental,Dentista,0.0,0,,,
MODEPLAS Laboratorio Dental y Protesis Dentales," Camino Real a Toluca 15 local G52B",4.0,2,55 5276 4128,Cierra pronto ⋅ 6 p.m. ⋅ Abre a las 10 a.m. del mar ,
Clínica de Prótesis Dental," Tuxpan 16",0.0,0,55 5574 1484,,
Clinica de Dental Ciore," Eje Central Lázaro Cárdenas 805",3.0,4,55 5539 2936,Abierto ⋅ Cierra a las 7 p.m. ,https://www.odontologos.mx/ciore
Laboratorio Dental Prodentium," Sur 22 200-Interior 102",4.7,26,55 2173 6176,Cierra pronto ⋅ 6 p.m. ⋅ Abre a las 9 a.m. del mar ,https://prodentium.com/
"Dra.Alessandra S. Odontología protésica, Odontología Estética, Carillas Dentales. Implantes. Ortodoncia. Cirugía Maxilofacial"," Calle Londres.61 Colonia Juárez, Cuauhtemoc Colonia Juarez",0.0,0,55 3082 6331,Abierto ⋅ Cierra a las 8 p.m. ,http://www.mclinicadental.com/
LABORATORIO PROSTÉTICO DENTAL INNLAB," Calz. de las Bombas",0.0,0,55 2511 3997,,
ProDentistry: Clínica Dental," C. Puente 186-Local 6",4.4,17,55 6364 5005,Abierto ⋅ Cierra a las 8 p.m. ,http://www.prodentistry.com.mx/
Asociación Odontológica Mexicana," Tlaxcala 177-int 304",4.6,39,55 5286 1350,,http://www.aomei.com.mx/
Asociación Dental Mexicana," Calle Ezequiel Montes No. 92, Cuauhtémoc, Ezequiel Montes 92",4.6,35,55 3000 0350,Cierra pronto ⋅ 6:30 p.m. ⋅ Abre a las 9 a.m. del mar ,
La Clinica Dental (Mixcoac)," Mixcoac",4.6,398,55 8854 5893,Abierto ⋅ Cierra a las 8 p.m. ,/aclk?sa=L&ai=DChcSEwi5i4HtqvKOAxUXcX8AHXXiAIgYABADGgJvYQ&co=1&ase=2&gclid=EAIaIQobChMIuYuB7aryjgMVF3F_AB114gCIEBAYAiAAEgJ4c_D_BwE&cce=2&category=acrcp_v1_32&sig=AOD64_3KWesLVPIi5-gbcjmB6bbXqPUqaQ&adurl&q&ctype=99&nis=6
Dra. Ana Colín," Distrito Federal 12-32",4.7,30,55 2882 6524,Abierto ⋅ Cierra a las 7 p.m. ,https://m.facebook.com/pg/KabonaMadental/about/?mt_nav=1
La Clínica Dental (Jardines del Pedregal)," 3332 Anillo Periférico",5.0,55,55 8900 3682,Abierto ⋅ Cierra a las 8 p.m. ,//www.googleadservices.com/pagead/aclk?sa=L&ai=DChcSEwjy6d2Aq_KOAxUQLdQBHQeRMSgYABAAGgJvYQ&co=1&ase=2&gclid=EAIaIQobChMI8undgKvyjgMVEC3UAR0HkTEoEBAYAiAAEgKG5fD_BwE&ohost=www.google.com&cid=CAASEuRoeoYoMUA-Tvhr-tA6ibB4pQ&category=acrcp_v1_40&sig=AOD64_1tsOlF_fP4RN0LhXd0EBEZTwvbig&adurl&q&ctype=99&nis=6
Alicama 16 Di Dental Lomas," Alicama 16-1 piso, int 5",5.0,3,55 6905 6286,Abierto ⋅ Cierra a las 8 p.m. ,https://www.doctoralia.com.mx/z/BHoTGq
Odontología Familiar Tlatelolco," C. Guerrero 380-local 22",4.9,35,55 6940 1084,Abierto ⋅ Cierra a las 7 p.m. ,
Dental Services Lomas," Perif. Blvd. Manuel Ávila Camacho 66-Primer Piso",5.0,3,55 4952 2356,Abierto ⋅ Cierra a las 7 p.m. ,https://dentalslomas.com.mx/
CROTTEDENTAL," Calz. Ticomán 258",3.5,46,55 1295 6101,Cerrado ⋅ Abre a las 9 a.m. del mar ,https://www.doctoranytime.mx/d/dentista/dr-manuel-saldana-crotte
identycad laboratorio dental," Plan de Iguala 12",0.0,0,55 6835 1255,Cierra pronto ⋅ 6 p.m. ⋅ Abre a las 9 a.m. del mar ,
Dental Moliere," Av. Emilio Castelar 240",5.0,9,55 4132 5981,Abierto ⋅ Cierra a las 7 p.m. ,https://www.dentalmoliere.com.mx/
SANZ," C. 34-A 85",5.0,24,56 3684 6185,Abierto ⋅ Cierra a las 8:30 p.m. ,https://www.instagram.com/mundosonrisamx/?hl=es
CONSULTORIO DENTAL M.A.S.," Calle Pte 145 712",3.7,6,55 5527 4990,Abierto ⋅ Cierra a las 7 p.m. ,
Consultorio Dental C.D. Kenia Rodríguez," con, Eucalipto, 2da cerrada de eucalipto",5.0,17,55 4527 2549,Abierto ⋅ Cierra a las 8 p.m. ,https://wa.me/message/FU5HPD3AQBF5N1
Consultorio Dental Regina," C. F. e. Ote. 17",4.8,63,55 3474 6803,Abierto ⋅ Cierra a las 7 p.m. ,https://sites.google.com/view/consultorio-dental-regina/qui%C3%A9nes-somos
Consultorio dental," Av. Revolución Soc. S/N",5.0,49,55 7440 1840,Cierra pronto ⋅ 6 p.m. ⋅ Abre a las 10 a.m. del mar ,
Laboratorio Dental Imagen," C. Aluminio 246",0.0,0,55 3228 0951,Abierto ⋅ Cierra a las 6 a.m. del mar ,
ELVA SOLEDAD MANCILLA MEJÍA," Calzada de las Bombas No. 128, Consultorio 104, Interior D2",0.0,0,55 4440 5590,,http://drasoledadmancillamejia.com/
Innovando -Consultorio Dental-," Cerrada, Av San Bernabé 1",0.0,0,55 6227 6923,,
Consultorio Dental CD. Fabiola Jiménez Gómez," Ermita Iztapalapa 1324",5.0,2,55 3876 6188,Abierto ⋅ Cierra a las 8 p.m. ,
MOA Dental," Acequia 6-1, Villa Coapa",4.7,67,55 2652 3620,Cerrado ⋅ Abre a las 10 a.m. del mar ,https://www.moadental.mx/
Prostodoncia," Constituyentes no pte 206, int 112-113, colonia",0.0,0,442 242 0551,,
Máxima Dental Vallejo," Calle Benito Juárez 9",5.0,3,55 1068 4403,Abierto ⋅ Cierra a las 8 p.m. ,https://maximadental.com.mx/
Prostodoncia," Juan Escutia 154",0.0,0,443 324 2521,,
ORTODENTAL," Tenyoa 133",5.0,6,55 1503 4216,Cerrado temporalmente ,https://www.facebook.com/Ortodental-106916361371024
Consultorio Dental Belleza y Arte Dental," Av. Ermita Iztapalapa #1324, San Pablo. c.p.09000, Ermita Iztapalapa 1324",0.0,0,55 3876 6188,Abierto ⋅ Cierra a las 8 p.m. ,
Dentista 24 Hrs. Angel Jose," Manuel Cañas",5.0,3,55 6747 2653,Abierto las 24 horas ,
Club Dental Xa al- Urgencias Dentales 24 horas," Calz Acoxpa 904",4.5,25,55 3662 3691,Abierto las 24 horas ,https://clubmedicoxaal.my.canva.site/dentista24hrs
La Clínica Dental (Santa Fe)," Santa Fe Vasco de Quiroga 4001 Piso 8 D1",4.9,415,55 8854 8352,Abierto ⋅ Cierra a las 8 p.m. ,/aclk?sa=l&ai=DChcSEwjpreeQq_KOAxUVLtQBHVSmF-8YABACGgJvYQ&co=1&ase=2&gclid=EAIaIQobChMI6a3nkKvyjgMVFS7UAR1UphfvEBAYASAAEgK9e_D_BwE&category=acrcp_v1_48&sig=AOD64_1B99UxSQaRA_rbl-QgvrfQdR5Y3g&adurl&q&ctype=99&nis=6
Clínica Dental Ulloa," 5 de Mayo 71",4.8,89,55 5358 3516,Cierra pronto ⋅ 6 p.m. ⋅ Abre a las 10 a.m. del mar ,https://dentalulloa.mx/
DentalCast Cuautitlán," Av. Simon Bolívar Nte. 107-MZ 025",4.3,6,55 3110 2924,Cierra pronto ⋅ 6 p.m. ⋅ Abre a las 10 a.m. del mar ,https://dentalcast-yx4avgqx7rulb80x.builder-preview.com/
Anydent Cuidando tu sonrisa," Cerezos, Blvd. Adolfo López Mateos 4",4.8,22,55 6438 3527,Abierto ⋅ Cierra a las 9 p.m. ,http://anydent.net/?utm_source=gmb&utm_medium=referral
Consultorio Dental Luisa Damián," Al Tejocote MZ 001",5.0,7,55 1484 3357,Abierto ⋅ Cierra a las 8 p.m. ,https://www.doctoralia.com.mx/luisa-damian/dentista-odontologo/cuautitlan
Dental Arriaga," Rosas 145",5.0,4,55 1528 4783,Abierto ⋅ Cierra a las 9 p.m. ,
Prostodoncia Especializada," C. Constructores 307",0.0,0,477 577 3275,,https://www.facebook.com/pages/category/Cosmetic-Dentist/Prostodoncia-Especializada-101648701261232/
Prostodoncia Clínica Estética," Av. Juan Palomar y Arias 483",0.0,0,33 2400 2850,Abierto ⋅ Cierra a las 8 p.m. ,
Consultorio Dental Ontología Integral," Boulevar Teocallis Mz 213 55120",0.0,0,,,
La Clínica Dental (Satélite)," 2 Manuel E. Izaguirre",4.8,378,55 8854 5899,Abierto ⋅ Cierra a las 8 p.m. ,/aclk?sa=l&ai=DChcSEwiQ6qqhq_KOAxWpJdQBHZlQKycYABABGgJvYQ&co=1&ase=2&gclid=EAIaIQobChMIkOqqoavyjgMVqSXUAR2ZUCsnEBAYAiAAEgJSlfD_BwE&category=acrcp_v1_48&sig=AOD64_3L9kbgr_sjV-AaYn411UecVhexsA&adurl&q&ctype=99&nis=6
CEREC es para mí," Calz. Vallejo 846",0.0,0,55 5587 6488,,
Ortodoncia Prótesis Dental,Dentista,0.0,0,,,
Consultorio Dental SM," Av 412-A 185",0.0,0,55 5799 1043,Abierto ⋅ Cierra a las 8:30 p.m. ,
Máxima Dental – Las Américas," Av. Independencia 35-19",4.5,11,55 1068 4403,Abierto ⋅ Cierra a las 8 p.m. ,https://maximadental.com.mx/
La Clínica Dental (Interlomas)," Blvd. Palmas Hills 1-MZ 002",4.9,53,55 7583 9507,Abierto ⋅ Cierra a las 8 p.m. ,/aclk?sa=l&ai=DChcSEwiQ5r3Pq_KOAxWweH8AHekLEmsYABAEGgJvYQ&co=1&ase=2&gclid=EAIaIQobChMIkOa9z6vyjgMVsHh_AB3pCxJrEBAYASAAEgLtbvD_BwE&category=acrcp_v1_48&sig=AOD64_36NVmHdnXZBIEZSLBpLQPefk7rmw&adurl&q&ctype=99&nis=6
Dentalia Parque Toreo," 5 Periférico Boulevard Manuel Ávila Camacho",4.5,45,800 003 3682,Abierto ⋅ Cierra a las 8 p.m. ,//www.googleadservices.com/pagead/aclk?sa=L&ai=DChcSEwjvl5fsq_KOAxWxdH8AHd9MICsYABAAGgJvYQ&co=1&ase=2&gclid=EAIaIQobChMI75eX7KvyjgMVsXR_AB3fTCArEBAYAiAAEgIaH_D_BwE&ohost=www.google.com&cid=CAASE-RoiPL3KlnO6bk798f70WcDcXI&category=acrcp_v1_40&sig=AOD64_0PwjAtMLCiaTBv7sUpnBK2YIvLmA&adurl&q&ctype=99&nis=6
Consultorio y Laboratorio Dental Proesmalt," Libertad Sur 214-Interior 3",5.0,1,248 180 8674,Abierto ⋅ Cierra a las 7 p.m. ,
dentalia Tlatelolco," 113 Manuel Gonzalez",4.4,68,55 4737 8434,Abierto ⋅ Cierra a las 8 p.m. ,/aclk?sa=l&ai=DChcSEwitrZDnq_KOAxWKLNQBHfZPIeUYABABGgJvYQ&co=1&ase=2&gclid=EAIaIQobChMIra2Q56vyjgMViizUAR32TyHlEBAYASAAEgIDBfD_BwE&category=acrcp_v1_48&sig=AOD64_0244rq75MB1-fWpfHIbu4qY7gkvQ&adurl&q&ctype=99&nis=6
La Clínica Dental (Lindavista)," 272 Avenida Montevideo",4.6,411,55 8854 7357,Abierto ⋅ Cierra a las 8 p.m. ,/aclk?sa=l&ai=DChcSEwitrZDnq_KOAxWKLNQBHfZPIeUYABAEGgJvYQ&co=1&ase=2&gclid=EAIaIQobChMIra2Q56vyjgMViizUAR32TyHlEBAYAiAAEgLtj_D_BwE&category=acrcp_v1_48&sig=AOD64_0JSK3-P6kyuOM3d2p3Th6JxVCL_g&adurl&q&ctype=99&nis=6
Pro Dontos," Espíritu Santo #3-A, Edo. de",0.0,0,55 2584 1507,,
Probucal Centro Odontológico," Camino a Tepotzotlán, Cofradía Mz. 4-Lote 2 C",3.8,11,55 5896 4023,Abierto ⋅ Cierra a las 8:30 p.m. ,https://www.facebook.com/probucalcentroodontologico
Odontológia Integral Dental Care," Av. José María Pino Suárez 25-26 4",4.5,28,55 1313 1365,Abierto ⋅ Cierra a las 8:30 p.m. ,https://www.facebook.com/Drfranciscoherrerahuidobro/
Prostodoncia," C. Duque de Rivas 306",0.0,0,,,
dentalia La Cúspide," Lote 21 Avenida Lomas Verdes",4.4,110,55 5349 2760,Abierto ⋅ Cierra a las 7 p.m. ,//www.googleadservices.com/pagead/aclk?sa=L&ai=DChcSEwjN-fDMrPKOAxWiJ9QBHd0sOyYYABADGgJvYQ&co=1&ase=2&gclid=EAIaIQobChMIzfnwzKzyjgMVoifUAR3dLDsmEBAYAiAAEgIu8fD_BwE&ohost=www.google.com&cid=CAASEeRokGoBbgn03dClEE12cjUD&category=acrcp_v1_40&sig=AOD64_27m_AiHz0YbZF36vA4TkXg26D12Q&adurl&q&ctype=99&nis=6
